{"proxies":{"ti.stepper.TiStepperModule":{"superPackageName":"org.appcelerator.kroll","methods":{"registerSensor":{"runOnUiThread":false,"hasInvocation":false,"args":[],"apiName":"registerSensor","converter":"org.appcelerator.kroll.KrollConverter","defaultValueProvider":"org.appcelerator.kroll.KrollConverter","name":"__default_name__","returnType":"void"},"unregisterSensor":{"runOnUiThread":false,"hasInvocation":false,"args":[],"apiName":"unregisterSensor","converter":"org.appcelerator.kroll.KrollConverter","defaultValueProvider":"org.appcelerator.kroll.KrollConverter","name":"__default_name__","returnType":"void"},"create":{"runOnUiThread":false,"hasInvocation":false,"args":[],"apiName":"create","converter":"org.appcelerator.kroll.KrollConverter","defaultValueProvider":"org.appcelerator.kroll.KrollConverter","name":"__default_name__","returnType":"void"}},"superProxyBindingClassName":"org.appcelerator.kroll.KrollModuleBindingGen","proxyClassName":"TiStepperModule","proxyAttrs":{"propertyAccessors":[],"fullAPIName":"TiStepper","name":"TiStepper","proxyClassName":"ti.stepper.TiStepperModule","isTopLevel":false,"id":"ti.stepper"},"packageName":"ti.stepper","sourceName":"ti.stepper.TiStepperModuleBindingGen","isTitaniumSdk":false,"superProxyClassName":"KrollModule","isModule":true,"genClassName":"TiStepperModuleBindingGen","onAppCreate":"onAppCreate"}},"modules":{"ti.stepper.TiStepperModule":{"apiName":"TiStepper"}}}