<?xml version="1.0" encoding="UTF-8"?>
<ti:module xmlns:ti="http://ti.appcelerator.org" xmlns:android="http://schemas.android.com/apk/res/android">
	<!-- Similar to tiapp.xml, but contains module/platform specific configuration in <iphone> and <android> sections -->
	<android xmlns:android="http://schemas.android.com/apk/res/android">
		<manifest>
			<uses-feature android:name="android.hardware.sensor.stepcounter"/>
			<uses-feature android:name="android.hardware.sensor.stepdetector"/>
			<uses-permission android:name="android.permission.ACTIVITY_RECOGNITION"/>
		</manifest>
	</android>
</ti:module>
